method,sse_mean,sse_stdev,silhouette_mean,silhouette_stdev,quantization_mean,quantization_stdev
K-Means++,8.4018037743,1.8400728479,0.4965292348,0.0086095693,0.1988875615,0.0044863841
PSO,11.3315742281,2.363883766,0.5014150901,0.0143308715,0.1900590437,0.0117514983
PSO Hybrid,8.111109324,1.888061075,0.4932304089,0.0122563634,0.1906650545,0.0073324902
