method,sse_mean,sse_stdev,silhouette_mean,silhouette_stdev,quantization_mean,quantization_stdev
K-Means++,328.6670608596,13.8896666801,0.2009297849,0.0124132872,1.0194684532,0.0297859789
PSO,391.6973940503,36.1625748871,0.1343657739,0.0516522078,1.0123951504,0.0508387423
PSO Hybrid,323.396516429,3.0138386068,0.20871241,0.0094420556,1.0020165163,0.004504653
