method,sse_mean,sse_stdev,silhouette_mean,silhouette_stdev,quantization_mean,quantization_stdev
K-Means++,330.6852543714,15.4857910012,0.1993638408,0.0126193037,1.0238658568,0.0330283956
PSO,388.1279087207,48.2412848434,0.1162906875,0.0807356425,1.0063560203,0.0567077927
PSO Hybrid,325.2416052599,6.3182686057,0.206067336,0.0113011807,1.0036133244,0.0080741982
