method,sse_mean,sse_stdev,silhouette_mean,silhouette_stdev,quantization_mean,quantization_stdev
K-Means++,8.0459211006,1.6535763914,0.4917327084,0.0095544033,0.1981495423,0.0039626853
PSO,10.3455890994,2.3428745331,0.4871404119,0.0235880626,0.1993579093,0.0131629743
PSO Hybrid,7.9015546244,1.596426723,0.4940488978,0.0115855836,0.1938878187,0.0069952424
