method,acc_max,acc_mean,acc_stdev,sse_min,sse_mean,sse_stdev,silhouette_mean,silhouette_stdev,quantization_mean,quantization_stdev
K-Means++,0.7161716172,0.6267326733,0.0680372462,321.1102747172,329.0426122613,13.7301226115,0.1987967887,0.0117727845,1.0208247273,0.0292106061
PSO,0.8250825083,0.7353135314,0.0682187079,328.1832192911,338.756716384,7.0635210841,0.1880590532,0.0211692705,338.756716384,7.0635210841
PSO Hybrid,0.6402640264,0.6402640264,0.0,343.7566715135,343.7566715135,0.0,0.1493071878,0.0,343.7566715135,0.0
