method,acc_max,acc_mean,acc_stdev,sse_min,sse_mean,sse_stdev,silhouette_mean,silhouette_stdev,quantization_mean,quantization_stdev
K-Means++,0.8866666667,0.7583333333,0.1510684172,6.9981140048,8.6254185634,1.8645403774,0.4918273422,0.0087425428,0.1995628967,0.0044348832
PSO,0.9333333333,0.89,0.0132497379,7.0657908658,7.4659274394,0.2134476476,0.4942285866,0.0109521237,7.4659274394,0.2134476476
PSO Hybrid,0.8866666667,0.8866666667,0.0,6.9981140048,6.9981140048,0.0,0.5043188549,0.0,6.9981140048,0.0
